Employee ID,Name,Job Position,Department,Salary,Experience
101,Jane Smith,Data Scientist,Data Science,87375,12
102,Robert Brown,HR Manager,HR,139327,16
103,Robert Doe,Data Scientist,Data Science,77447,20
104,Emily Johnson,Senior Software Engineer,IT,116432,8
105,Emily Johnson,Data Scientist,Data Science,135265,20
106,Sarah Wilson,Data Scientist,Data Science,83012,17
107,Jessica Moore,Data Scientist,Data Science,97017,9
108,Michael Taylor,Finance Analyst,Finance,128423,15
109,Michael Brown,Product Manager,Product,111804,9
110,John Miller,Finance Analyst,Finance,114863,19
111,David Wilson,HR Manager,HR,77802,12
112,Emily Wilson,Finance Analyst,Finance,92560,1
113,Emily Anderson,Product Manager,Product,77352,15
114,David Johnson,Finance Analyst,Finance,94632,1
115,Emily Davis,Data Scientist,Data Science,85524,16
116,Jessica Doe,Finance Analyst,Finance,77744,4
117,Robert Anderson,Finance Analyst,Finance,92835,12
118,Sarah Miller,Finance Analyst,Finance,60736,7
119,Daniel Wilson,Finance Analyst,Finance,124797,16
120,Jessica Miller,System Administrator,IT,90522,9
121,John Davis,HR Manager,HR,69919,4
122,Jessica Johnson,System Administrator,IT,145315,1
123,David Doe,Marketing Manager,Marketing,84633,1
124,Robert Davis,Product Manager,Product,72180,3
125,Laura Johnson,Data Analyst,Data Science,51880,10
126,Laura Johnson,System Administrator,IT,99237,2
127,Sarah Doe,Data Analyst,Data Science,145937,15
128,Laura Doe,HR Manager,HR,72252,20
129,Robert Doe,Data Scientist,Data Science,120036,14
130,John Brown,Software Engineer,IT,77297,17
131,Robert Taylor,Finance Analyst,Finance,109710,20
132,Jane Miller,Finance Analyst,Finance,56211,12
133,Emily Anderson,HR Manager,HR,128383,6
134,Jane Brown,Product Manager,Product,95186,6
135,David Davis,Software Engineer,IT,120640,16
136,Emily Taylor,System Administrator,IT,146108,15
137,Robert Anderson,Data Scientist,Data Science,117326,8
138,Michael Davis,Finance Analyst,Finance,136344,10
139,John Davis,HR Manager,HR,122096,15
140,Sarah Johnson,Product Manager,Product,133973,10
141,Daniel Davis,Sales Executive,Sales,80809,20
142,Emily Johnson,Software Engineer,IT,124305,19
143,Laura Davis,Marketing Manager,Marketing,78518,17
144,Daniel Moore,System Administrator,IT,94860,6
145,David Brown,Senior Software Engineer,IT,84288,19
146,Michael Anderson,Senior Software Engineer,IT,140737,13
147,Laura Miller,Software Engineer,IT,103875,20
148,Michael Smith,Marketing Manager,Marketing,107533,5
149,Sarah Doe,Product Manager,Product,115251,14
150,Jane Anderson,Marketing Manager,Marketing,115163,1
151,John Moore,Senior Software Engineer,IT,105300,2
152,Laura Smith,Software Engineer,IT,141350,9
153,David Anderson,Software Engineer,IT,86438,7
154,Michael Johnson,Finance Analyst,Finance,76634,9
155,Laura Anderson,Product Manager,Product,147760,20
156,Michael Moore,Product Manager,Product,99641,13
157,Jane Anderson,Data Scientist,Data Science,145085,2
158,David Miller,Data Analyst,Data Science,91138,17
159,Sarah Brown,Finance Analyst,Finance,131999,4
160,Emily Taylor,HR Manager,HR,68096,9
161,Daniel Moore,Data Scientist,Data Science,115147,11
162,Emily Taylor,System Administrator,IT,111406,17
163,Daniel Johnson,Data Scientist,Data Science,123179,13
164,Robert Johnson,Finance Analyst,Finance,136363,16
165,Michael Johnson,Marketing Manager,Marketing,118794,19
166,Sarah Doe,HR Manager,HR,91282,10
167,Daniel Doe,Data Scientist,Data Science,57788,7
168,Laura Doe,Senior Software Engineer,IT,95711,13
169,Michael Davis,Data Scientist,Data Science,50468,10
170,Sarah Miller,Senior Software Engineer,IT,84016,6
171,Jessica Moore,Software Engineer,IT,78990,9
172,Emily Johnson,HR Manager,HR,119555,9
173,Sarah Johnson,Data Scientist,Data Science,56069,9
174,Emily Anderson,Data Analyst,Data Science,133020,20
175,Jane Brown,Finance Analyst,Finance,65076,15
176,Michael Anderson,Sales Executive,Sales,59581,18
177,John Anderson,Marketing Manager,Marketing,132872,3
178,Sarah Anderson,Software Engineer,IT,82724,6
179,David Moore,Product Manager,Product,112304,5
180,Sarah Smith,Finance Analyst,Finance,62006,11
181,Jane Davis,Sales Executive,Sales,83123,11
182,Michael Moore,Finance Analyst,Finance,88244,17
183,John Smith,System Administrator,IT,101011,14
184,Sarah Anderson,Senior Software Engineer,IT,100699,2
185,Sarah Doe,Data Scientist,Data Science,53836,11
186,Daniel Brown,Product Manager,Product,85955,2
187,John Moore,Data Analyst,Data Science,78602,9
188,Daniel Brown,Software Engineer,IT,143595,10
189,David Anderson,Sales Executive,Sales,145144,9
190,Daniel Smith,Finance Analyst,Finance,51715,10
191,Daniel Smith,Finance Analyst,Finance,132901,12
192,Sarah Wilson,Senior Software Engineer,IT,118698,14
193,Robert Johnson,Senior Software Engineer,IT,131215,13
194,Daniel Johnson,Sales Executive,Sales,72913,15
195,David Moore,Data Analyst,Data Science,144048,11
196,Jessica Moore,Product Manager,Product,75875,19
197,Jane Wilson,Sales Executive,Sales,147135,4
198,Jane Doe,Software Engineer,IT,134844,3
199,Emily Taylor,System Administrator,IT,147184,6
200,Daniel Taylor,Senior Software Engineer,IT,123472,8
201,David Davis,Product Manager,Product,138946,10
202,David Moore,HR Manager,HR,138729,11
203,Jessica Wilson,Data Scientist,Data Science,53370,15
204,Laura Johnson,Data Analyst,Data Science,84286,4
205,David Smith,Finance Analyst,Finance,120075,10
206,Daniel Anderson,Marketing Manager,Marketing,52030,10
207,Michael Taylor,Marketing Manager,Marketing,57301,8
208,Jessica Miller,System Administrator,IT,103208,6
209,Michael Brown,Product Manager,Product,149156,19
210,David Anderson,HR Manager,HR,120076,5
211,Emily Taylor,Data Analyst,Data Science,91160,6
212,Daniel Davis,Senior Software Engineer,IT,100673,19
213,Daniel Miller,Marketing Manager,Marketing,57542,18
214,Michael Davis,Marketing Manager,Marketing,58884,19
215,Jane Brown,Data Scientist,Data Science,140803,14
216,Laura Brown,System Administrator,IT,95345,6
217,David Davis,Data Analyst,Data Science,70742,10
218,Sarah Taylor,Data Analyst,Data Science,95382,20
219,Jane Miller,Sales Executive,Sales,124537,1
220,John Taylor,Software Engineer,IT,63942,14
221,Daniel Miller,Product Manager,Product,147376,3
222,John Doe,Sales Executive,Sales,61724,8
223,Jane Davis,Data Scientist,Data Science,107109,16
224,Daniel Anderson,Finance Analyst,Finance,62567,18
225,John Taylor,Marketing Manager,Marketing,118514,12
226,Emily Doe,Sales Executive,Sales,146257,2
227,Emily Brown,Data Scientist,Data Science,94251,15
228,Laura Johnson,Sales Executive,Sales,50798,16
229,Emily Doe,System Administrator,IT,137394,2
230,John Johnson,Software Engineer,IT,107102,12
231,Michael Moore,Sales Executive,Sales,52193,2
232,Laura Doe,Product Manager,Product,82033,5
233,David Anderson,Software Engineer,IT,74797,2
234,Michael Wilson,Sales Executive,Sales,148563,8
235,Jessica Brown,Product Manager,Product,64465,20
236,David Brown,System Administrator,IT,78284,4
237,Jane Davis,Sales Executive,Sales,109709,18
238,Emily Brown,HR Manager,HR,126978,9
239,John Moore,Product Manager,Product,117018,6
240,Robert Taylor,Senior Software Engineer,IT,123484,10
241,Emily Doe,Sales Executive,Sales,60097,17
242,Emily Davis,Marketing Manager,Marketing,118347,4
243,John Wilson,HR Manager,HR,57440,20
244,John Anderson,Marketing Manager,Marketing,142598,10
245,Emily Taylor,System Administrator,IT,119745,9
246,Robert Johnson,Finance Analyst,Finance,135680,14
247,Michael Doe,Sales Executive,Sales,50731,13
248,Robert Johnson,Product Manager,Product,62271,8
249,Sarah Taylor,Data Analyst,Data Science,101665,12
250,John Moore,Sales Executive,Sales,55958,14
251,Emily Brown,Software Engineer,IT,144153,2
252,Michael Anderson,Data Analyst,Data Science,54168,17
253,Jane Johnson,Sales Executive,Sales,115136,5
254,Sarah Anderson,Data Analyst,Data Science,99465,7
255,Emily Taylor,Senior Software Engineer,IT,94547,2
256,Jessica Davis,Product Manager,Product,57933,3
257,Laura Wilson,Data Scientist,Data Science,135440,2
258,Emily Miller,Finance Analyst,Finance,107869,10
259,Daniel Johnson,Finance Analyst,Finance,108691,7
260,Michael Miller,Sales Executive,Sales,55135,20
261,Jessica Davis,Senior Software Engineer,IT,107278,4
262,Emily Brown,Data Analyst,Data Science,95314,2
263,Emily Johnson,System Administrator,IT,50160,2
264,Michael Miller,System Administrator,IT,114611,15
265,Robert Doe,Senior Software Engineer,IT,86771,6
266,Jane Davis,Sales Executive,Sales,131318,20
267,Jane Anderson,Product Manager,Product,146489,18
268,John Anderson,System Administrator,IT,134526,13
269,Jane Miller,Data Analyst,Data Science,73894,16
270,Laura Brown,Senior Software Engineer,IT,127381,19
271,Daniel Davis,Sales Executive,Sales,143967,10
272,David Moore,System Administrator,IT,61443,4
273,John Moore,Data Analyst,Data Science,54796,10
274,John Doe,Marketing Manager,Marketing,90128,17
275,David Brown,Data Scientist,Data Science,98720,16
276,Laura Johnson,Sales Executive,Sales,122527,17
277,Robert Smith,Data Analyst,Data Science,132650,16
278,Sarah Wilson,System Administrator,IT,132067,20
279,Jane Anderson,Senior Software Engineer,IT,142273,14
280,Michael Smith,Senior Software Engineer,IT,142480,18
281,Emily Miller,System Administrator,IT,86391,4
282,Emily Anderson,Finance Analyst,Finance,103583,4
283,David Johnson,Senior Software Engineer,IT,102674,4
284,Laura Taylor,Software Engineer,IT,129479,1
285,Sarah Smith,Product Manager,Product,148059,8
286,Laura Davis,Finance Analyst,Finance,80152,16
287,Jessica Moore,Senior Software Engineer,IT,93969,14
288,Jessica Davis,Data Analyst,Data Science,78058,3
289,Sarah Brown,System Administrator,IT,119103,15
290,David Brown,Senior Software Engineer,IT,65733,15
291,Michael Anderson,Software Engineer,IT,137448,8
292,Michael Smith,Sales Executive,Sales,84789,10
293,Laura Smith,Product Manager,Product,88501,19
294,David Taylor,HR Manager,HR,79296,9
295,Sarah Johnson,HR Manager,HR,66484,15
296,Jessica Miller,HR Manager,HR,114641,13
297,Laura Moore,Marketing Manager,Marketing,115429,13
298,John Moore,Marketing Manager,Marketing,115187,8
299,Laura Smith,Sales Executive,Sales,133199,13
300,Michael Davis,HR Manager,HR,102387,20
301,Jessica Miller,Data Scientist,Data Science,93732,18
302,Jessica Smith,Finance Analyst,Finance,103300,12
303,Michael Doe,Finance Analyst,Finance,138082,5
304,John Moore,Senior Software Engineer,IT,82816,9
305,Robert Miller,Marketing Manager,Marketing,108413,15
306,John Smith,Finance Analyst,Finance,51131,1
307,Michael Davis,System Administrator,IT,111438,10
308,Daniel Moore,Software Engineer,IT,88835,4
309,Jessica Taylor,Sales Executive,Sales,111877,2
310,Emily Moore,System Administrator,IT,148420,9
311,Emily Johnson,HR Manager,HR,129872,2
312,Jane Taylor,Data Scientist,Data Science,124640,12
313,Robert Anderson,Product Manager,Product,105824,7
314,Daniel Johnson,Sales Executive,Sales,143062,19
315,Emily Doe,Sales Executive,Sales,84492,18
316,David Taylor,Sales Executive,Sales,77703,13
317,Jane Taylor,Software Engineer,IT,52364,8
318,Laura Miller,Data Analyst,Data Science,102784,17
319,Robert Taylor,Data Analyst,Data Science,135360,7
320,Emily Johnson,Data Analyst,Data Science,127568,17
321,Robert Miller,Marketing Manager,Marketing,55161,3
322,Michael Moore,Finance Analyst,Finance,123742,15
323,Michael Moore,Senior Software Engineer,IT,119960,10
324,Michael Davis,HR Manager,HR,149386,13
325,Daniel Moore,Data Analyst,Data Science,86312,14
326,Daniel Doe,Product Manager,Product,58978,7
327,Michael Doe,Product Manager,Product,51821,5
328,Robert Doe,Marketing Manager,Marketing,50451,14
329,Laura Anderson,System Administrator,IT,100697,6
330,Jane Davis,Sales Executive,Sales,74553,20
331,Sarah Miller,Marketing Manager,Marketing,56721,18
332,Daniel Moore,Data Scientist,Data Science,130465,11
333,Laura Taylor,HR Manager,HR,148222,12
334,John Doe,Senior Software Engineer,IT,74336,15
335,Daniel Johnson,System Administrator,IT,118609,3
336,Laura Doe,Marketing Manager,Marketing,136632,20
337,John Taylor,Data Scientist,Data Science,134406,11
338,Jessica Doe,Software Engineer,IT,122339,19
339,Laura Moore,Software Engineer,IT,104284,20
340,John Wilson,System Administrator,IT,120895,8
341,Jessica Moore,Data Scientist,Data Science,141467,7
342,Robert Moore,Data Scientist,Data Science,123137,20
343,Emily Moore,Sales Executive,Sales,111246,13
344,David Davis,Finance Analyst,Finance,139291,14
345,Sarah Anderson,Product Manager,Product,128807,10
346,John Wilson,Finance Analyst,Finance,104496,1
347,Emily Doe,Product Manager,Product,120282,19
348,Michael Wilson,Sales Executive,Sales,57443,6
349,Jessica Moore,Data Analyst,Data Science,119879,15
350,Jessica Doe,System Administrator,IT,76925,3
351,Michael Taylor,Product Manager,Product,104910,5
352,Jessica Doe,HR Manager,HR,67925,1
353,Sarah Brown,System Administrator,IT,95572,7
354,Jessica Brown,Senior Software Engineer,IT,66712,12
355,Laura Davis,System Administrator,IT,126152,11
356,Emily Taylor,Data Analyst,Data Science,105809,20
357,Emily Smith,Senior Software Engineer,IT,70353,13
358,John Anderson,Finance Analyst,Finance,103794,20
359,Jane Smith,Senior Software Engineer,IT,121370,2
360,Laura Taylor,Data Scientist,Data Science,139432,4
361,Jessica Johnson,Finance Analyst,Finance,106094,15
362,Robert Davis,Data Analyst,Data Science,58003,10
363,Jane Miller,Marketing Manager,Marketing,106736,2
364,David Moore,Senior Software Engineer,IT,125069,3
365,Jessica Smith,Marketing Manager,Marketing,132153,1
366,Sarah Taylor,Software Engineer,IT,82960,10
367,Sarah Taylor,Data Analyst,Data Science,122650,5
368,Emily Davis,Product Manager,Product,54371,5
369,David Wilson,Finance Analyst,Finance,54327,19
370,Robert Anderson,HR Manager,HR,127464,2
371,Daniel Moore,Finance Analyst,Finance,62915,5
372,Daniel Miller,HR Manager,HR,103185,11
373,Laura Brown,Product Manager,Product,100999,10
374,Jane Johnson,Product Manager,Product,114013,3
375,Jessica Smith,Marketing Manager,Marketing,66807,2
376,Laura Doe,Sales Executive,Sales,142592,7
377,Michael Johnson,Finance Analyst,Finance,119180,16
378,Sarah Johnson,Finance Analyst,Finance,117250,18
379,Laura Anderson,Software Engineer,IT,132344,1
380,Jane Moore,Finance Analyst,Finance,54405,20
381,David Moore,Finance Analyst,Finance,105471,1
382,Sarah Johnson,Product Manager,Product,119933,10
383,Robert Davis,Data Analyst,Data Science,145151,12
384,Robert Moore,Software Engineer,IT,75852,5
385,David Moore,Product Manager,Product,50325,19
386,Sarah Smith,Senior Software Engineer,IT,132222,14
387,Jane Brown,Data Analyst,Data Science,114494,13
388,Robert Anderson,Data Analyst,Data Science,58118,8
389,Laura Miller,Finance Analyst,Finance,78040,10
390,David Anderson,HR Manager,HR,89281,4
391,Sarah Miller,Data Analyst,Data Science,121572,19
392,Daniel Brown,System Administrator,IT,91349,18
393,Daniel Brown,Data Scientist,Data Science,142147,15
394,Laura Doe,Data Scientist,Data Science,116381,13
395,David Doe,Marketing Manager,Marketing,119108,3
396,Laura Miller,Product Manager,Product,75840,12
397,Michael Anderson,Marketing Manager,Marketing,50062,18
398,David Brown,Product Manager,Product,140619,17
399,John Doe,System Administrator,IT,106622,12
400,Robert Anderson,Product Manager,Product,91993,11
401,Michael Johnson,Software Engineer,IT,116115,14
402,David Wilson,HR Manager,HR,85253,16
403,Sarah Miller,Data Analyst,Data Science,83792,11
404,Emily Johnson,Software Engineer,IT,70145,17
405,David Taylor,Data Analyst,Data Science,74683,13
406,John Doe,Senior Software Engineer,IT,97353,8
407,Michael Smith,Marketing Manager,Marketing,116778,16
408,Jessica Doe,Senior Software Engineer,IT,118666,8
409,Robert Wilson,Data Scientist,Data Science,73820,5
410,Jessica Wilson,Marketing Manager,Marketing,72322,11
411,Sarah Anderson,Senior Software Engineer,IT,106949,20
412,Laura Smith,Data Analyst,Data Science,82569,20
413,Laura Moore,Product Manager,Product,127663,5
414,David Taylor,Marketing Manager,Marketing,123096,2
415,Sarah Johnson,Product Manager,Product,85745,13
416,Daniel Taylor,System Administrator,IT,120274,4
417,Robert Doe,Marketing Manager,Marketing,119805,12
418,David Wilson,Sales Executive,Sales,70371,15
419,Daniel Taylor,HR Manager,HR,125395,2
420,John Miller,Data Analyst,Data Science,66938,14
421,Laura Miller,Finance Analyst,Finance,86531,18
422,Michael Moore,Product Manager,Product,87382,10
423,Jessica Brown,Finance Analyst,Finance,115741,17
424,John Anderson,Software Engineer,IT,94833,14
425,Emily Wilson,System Administrator,IT,53979,8
426,Sarah Taylor,Sales Executive,Sales,105542,17
427,Michael Davis,Sales Executive,Sales,108659,19
428,John Davis,Data Analyst,Data Science,62632,3
429,John Anderson,Finance Analyst,Finance,64688,4
430,Emily Taylor,Sales Executive,Sales,145136,3
431,Sarah Miller,Data Analyst,Data Science,96744,1
432,Robert Davis,Sales Executive,Sales,95501,1
433,Daniel Taylor,HR Manager,HR,54371,10
434,John Wilson,Sales Executive,Sales,71592,10
435,Laura Doe,Software Engineer,IT,75325,18
436,Robert Smith,Marketing Manager,Marketing,115418,8
437,Michael Johnson,Data Scientist,Data Science,96100,12
438,Jane Taylor,Senior Software Engineer,IT,130106,14
439,Jane Anderson,Data Scientist,Data Science,129775,12
440,Laura Smith,Data Scientist,Data Science,123325,20
441,Daniel Johnson,Data Analyst,Data Science,77672,12
442,Laura Doe,Data Analyst,Data Science,110230,12
443,Michael Davis,System Administrator,IT,97965,8
444,John Smith,Sales Executive,Sales,130420,15
445,Laura Davis,Finance Analyst,Finance,97370,1
446,Robert Miller,Software Engineer,IT,64548,1
447,Robert Johnson,Finance Analyst,Finance,118186,18
448,Robert Taylor,Finance Analyst,Finance,139287,15
449,David Miller,Software Engineer,IT,95094,2
450,Jane Smith,Product Manager,Product,76678,6
451,David Miller,Sales Executive,Sales,124733,19
452,Laura Brown,Software Engineer,IT,78911,2
453,John Anderson,Marketing Manager,Marketing,115872,4
454,Laura Brown,Sales Executive,Sales,83349,6
455,David Johnson,Data Scientist,Data Science,92695,3
456,Robert Doe,Data Analyst,Data Science,107280,3
457,Sarah Smith,System Administrator,IT,68902,9
458,Jessica Anderson,System Administrator,IT,94538,16
459,Laura Wilson,System Administrator,IT,64749,13
460,Sarah Doe,Senior Software Engineer,IT,55950,20
461,Sarah Johnson,HR Manager,HR,124004,15
462,Jane Davis,Senior Software Engineer,IT,81238,6
463,Robert Taylor,Data Scientist,Data Science,66754,3
464,Sarah Davis,Data Analyst,Data Science,149545,19
465,Michael Johnson,Marketing Manager,Marketing,79671,12
466,Emily Taylor,Software Engineer,IT,120307,20
467,Jane Doe,Data Scientist,Data Science,98433,6
468,Michael Doe,Marketing Manager,Marketing,116062,5
469,Michael Anderson,Senior Software Engineer,IT,93618,7
470,Jane Wilson,Marketing Manager,Marketing,136819,6
471,Michael Davis,Finance Analyst,Finance,60223,12
472,Sarah Moore,Data Analyst,Data Science,135489,19
473,Jessica Anderson,Data Analyst,Data Science,142522,11
474,Daniel Davis,HR Manager,HR,104724,10
475,Robert Moore,HR Manager,HR,50783,1
476,Robert Davis,Product Manager,Product,54770,5
477,Daniel Brown,Software Engineer,IT,109164,9
478,John Davis,Data Scientist,Data Science,127886,9
479,Jessica Miller,Marketing Manager,Marketing,118405,4
480,Laura Moore,Data Scientist,Data Science,103749,10
481,Daniel Taylor,HR Manager,HR,127988,4
482,John Moore,Marketing Manager,Marketing,145223,11
483,David Brown,Data Analyst,Data Science,59106,17
484,Laura Wilson,System Administrator,IT,77597,19
485,Sarah Smith,Product Manager,Product,145504,4
486,Emily Davis,Software Engineer,IT,114783,10
487,David Davis,Senior Software Engineer,IT,75695,3
488,Robert Moore,Finance Analyst,Finance,130378,10
489,Robert Wilson,Data Scientist,Data Science,119399,18
490,Emily Davis,Data Analyst,Data Science,96793,9
491,Emily Moore,Product Manager,Product,127057,3
492,Emily Brown,Sales Executive,Sales,135958,4
493,David Davis,Data Scientist,Data Science,135789,1
494,Jane Johnson,Marketing Manager,Marketing,103994,3
495,David Johnson,Data Scientist,Data Science,97258,7
496,Daniel Moore,Software Engineer,IT,57915,15
497,Robert Doe,Sales Executive,Sales,95053,11
498,Daniel Wilson,System Administrator,IT,99262,13
499,Emily Johnson,Senior Software Engineer,IT,119413,17
500,Emily Brown,Product Manager,Product,126366,4
501,Laura Moore,Sales Executive,Sales,91691,1
502,Robert Doe,Marketing Manager,Marketing,72123,14
503,Jessica Smith,Data Scientist,Data Science,124953,19
504,Michael Davis,Sales Executive,Sales,137029,10
505,Daniel Doe,Software Engineer,IT,61291,1
506,Emily Anderson,Senior Software Engineer,IT,121105,3
507,Daniel Wilson,Senior Software Engineer,IT,107396,15
508,John Taylor,Finance Analyst,Finance,73647,13
509,Robert Smith,Product Manager,Product,89225,8
510,Laura Davis,Senior Software Engineer,IT,119380,15
511,Jessica Smith,Sales Executive,Sales,63928,3
512,John Johnson,HR Manager,HR,97842,5
513,David Wilson,Marketing Manager,Marketing,140250,18
514,John Taylor,Product Manager,Product,58326,2
515,Robert Miller,Finance Analyst,Finance,147209,16
516,Laura Taylor,Data Scientist,Data Science,147201,17
517,John Wilson,Data Scientist,Data Science,126128,7
518,Emily Miller,HR Manager,HR,107427,5
519,Jane Davis,Product Manager,Product,94472,20
520,Jane Moore,Software Engineer,IT,56191,14
521,Robert Doe,Data Scientist,Data Science,118931,8
522,Daniel Wilson,Senior Software Engineer,IT,105168,18
523,Jane Anderson,Marketing Manager,Marketing,93261,9
524,Daniel Moore,Product Manager,Product,109328,13
525,Robert Johnson,Marketing Manager,Marketing,103930,11
526,Sarah Smith,Sales Executive,Sales,119329,19
527,Sarah Anderson,Data Scientist,Data Science,62838,19
528,Jessica Taylor,Data Analyst,Data Science,117725,19
529,Laura Taylor,Finance Analyst,Finance,65520,12
530,Sarah Wilson,Product Manager,Product,83618,2
531,Daniel Johnson,Senior Software Engineer,IT,132703,19
532,Daniel Miller,Data Scientist,Data Science,82333,9
533,Daniel Anderson,Finance Analyst,Finance,123356,10
534,Sarah Doe,Data Scientist,Data Science,147732,15
535,Michael Smith,Product Manager,Product,73209,20
536,David Smith,Sales Executive,Sales,145148,2
537,Michael Johnson,Marketing Manager,Marketing,62017,3
538,Sarah Davis,Sales Executive,Sales,78278,13
539,Sarah Brown,Data Analyst,Data Science,82787,11
540,Daniel Miller,Data Analyst,Data Science,80262,12
541,Laura Wilson,Data Analyst,Data Science,65072,2
542,David Taylor,Sales Executive,Sales,103237,5
543,Emily Wilson,Marketing Manager,Marketing,99411,20
544,Jessica Anderson,Software Engineer,IT,60699,10
545,Jessica Brown,Data Scientist,Data Science,56291,12
546,Laura Taylor,Software Engineer,IT,73164,10
547,Daniel Brown,Sales Executive,Sales,149534,16
548,David Smith,Software Engineer,IT,99512,19
549,Michael Moore,Finance Analyst,Finance,76124,16
550,Laura Brown,Marketing Manager,Marketing,50265,16
551,Robert Doe,Marketing Manager,Marketing,134978,4
552,Robert Smith,Product Manager,Product,50695,7
553,Laura Miller,Product Manager,Product,132535,10
554,Emily Smith,Finance Analyst,Finance,105111,10
555,David Smith,Marketing Manager,Marketing,121848,17
556,John Brown,Senior Software Engineer,IT,99472,9
557,Jessica Moore,Finance Analyst,Finance,100438,1
558,Sarah Johnson,Software Engineer,IT,87677,1
559,Daniel Smith,Data Analyst,Data Science,108581,12
560,Emily Moore,HR Manager,HR,136776,7
561,Daniel Miller,Finance Analyst,Finance,148207,2
562,David Johnson,Finance Analyst,Finance,119756,10
563,Jessica Doe,Sales Executive,Sales,130213,4
564,Michael Smith,Product Manager,Product,75336,17
565,Emily Davis,System Administrator,IT,98142,7
566,Robert Moore,Finance Analyst,Finance,127498,4
567,Jane Johnson,Finance Analyst,Finance,116733,15
568,John Moore,Senior Software Engineer,IT,86678,16
569,Laura Wilson,Product Manager,Product,81340,15
570,Jane Anderson,System Administrator,IT,51485,7
571,Laura Smith,Senior Software Engineer,IT,54367,3
572,Laura Davis,Marketing Manager,Marketing,69748,7
573,Jane Smith,Software Engineer,IT,122649,16
574,Jessica Johnson,Finance Analyst,Finance,122005,12
575,Sarah Davis,HR Manager,HR,137743,2
576,Michael Brown,Sales Executive,Sales,99499,15
577,David Taylor,HR Manager,HR,95230,2
578,Daniel Miller,Finance Analyst,Finance,63340,19
579,David Taylor,Data Analyst,Data Science,124491,2
580,Emily Smith,Data Analyst,Data Science,84559,4
581,Laura Johnson,HR Manager,HR,56167,9
582,David Smith,Data Analyst,Data Science,95072,18
583,Emily Smith,System Administrator,IT,143072,6
584,Sarah Moore,Sales Executive,Sales,78303,12
585,Jane Wilson,Data Scientist,Data Science,74745,4
586,Sarah Brown,Software Engineer,IT,68781,5
587,Jane Anderson,Senior Software Engineer,IT,148964,8
588,Sarah Davis,Marketing Manager,Marketing,76976,5
589,David Anderson,Data Scientist,Data Science,104459,10
590,Daniel Davis,Senior Software Engineer,IT,69704,3
591,Robert Doe,Senior Software Engineer,IT,92648,15
592,Sarah Miller,Senior Software Engineer,IT,91965,1
593,John Moore,Product Manager,Product,82758,10
594,Sarah Moore,Product Manager,Product,86970,12
595,Laura Anderson,Marketing Manager,Marketing,57516,7
596,Jane Wilson,System Administrator,IT,117168,2
597,Emily Doe,System Administrator,IT,123996,8
598,David Miller,Data Scientist,Data Science,62698,6
599,Laura Davis,Data Analyst,Data Science,147435,17
600,Emily Davis,HR Manager,HR,128279,8
601,John Doe,Marketing Manager,Marketing,141171,2
602,Jane Taylor,Marketing Manager,Marketing,147812,7
603,Jessica Brown,Sales Executive,Sales,91825,4
604,Jessica Doe,Marketing Manager,Marketing,122844,18
605,Michael Wilson,HR Manager,HR,74903,17
606,David Davis,Senior Software Engineer,IT,115284,5
607,Jane Smith,Data Scientist,Data Science,57789,2
608,Robert Smith,Data Scientist,Data Science,137849,11
609,Robert Smith,Data Analyst,Data Science,51081,19
610,Laura Moore,Finance Analyst,Finance,137042,4
611,David Davis,Software Engineer,IT,117946,3
612,Jane Anderson,Data Analyst,Data Science,104929,16
613,Daniel Doe,Marketing Manager,Marketing,75551,15
614,Michael Johnson,Senior Software Engineer,IT,116719,18
615,Robert Anderson,Senior Software Engineer,IT,114736,4
616,Emily Moore,Data Scientist,Data Science,83457,12
617,Jane Anderson,Data Scientist,Data Science,109544,17
618,Sarah Smith,Sales Executive,Sales,64398,18
619,Sarah Moore,Marketing Manager,Marketing,76546,9
620,David Wilson,System Administrator,IT,135458,19
621,Laura Taylor,HR Manager,HR,65174,8
622,John Moore,HR Manager,HR,80305,8
623,Michael Brown,Marketing Manager,Marketing,77072,11
624,John Anderson,Senior Software Engineer,IT,51992,15
625,Emily Moore,Product Manager,Product,105021,1
626,Daniel Miller,System Administrator,IT,106637,14
627,John Doe,Finance Analyst,Finance,78683,13
628,John Doe,Product Manager,Product,140939,12
629,Jessica Taylor,Data Analyst,Data Science,121077,19
630,Michael Brown,Product Manager,Product,95195,6
631,Laura Moore,Sales Executive,Sales,86393,14
632,Emily Anderson,Software Engineer,IT,96669,7
633,Jane Smith,Product Manager,Product,126583,2
634,Daniel Anderson,Senior Software Engineer,IT,61676,20
635,Emily Taylor,Data Analyst,Data Science,116113,3
636,Laura Moore,HR Manager,HR,86528,10
637,Laura Moore,Marketing Manager,Marketing,109689,18
638,Michael Brown,Marketing Manager,Marketing,119442,13
639,Daniel Davis,Senior Software Engineer,IT,84647,10
640,Sarah Wilson,Data Analyst,Data Science,120340,4
641,Laura Johnson,Marketing Manager,Marketing,107738,5
642,David Doe,Data Scientist,Data Science,76470,18
643,Robert Smith,Sales Executive,Sales,119751,18
644,Jane Moore,Product Manager,Product,80735,1
645,Emily Taylor,Product Manager,Product,124919,10
646,Jane Johnson,Senior Software Engineer,IT,60108,15
647,Laura Davis,Finance Analyst,Finance,75484,13
648,Robert Moore,Data Analyst,Data Science,67058,18
649,Emily Taylor,Data Scientist,Data Science,145105,8
650,Laura Smith,System Administrator,IT,98873,13
651,David Wilson,Senior Software Engineer,IT,58898,15
652,David Brown,Data Analyst,Data Science,95485,20
653,John Davis,HR Manager,HR,91927,12
654,Michael Johnson,HR Manager,HR,108508,6
655,Jane Taylor,Sales Executive,Sales,137126,4
656,Laura Smith,HR Manager,HR,108307,18
657,David Doe,Finance Analyst,Finance,67384,19
658,John Davis,Finance Analyst,Finance,66933,13
659,Jessica Wilson,Product Manager,Product,97546,5
660,Daniel Brown,HR Manager,HR,61668,14
661,John Miller,Finance Analyst,Finance,101384,20
662,Robert Moore,Senior Software Engineer,IT,139876,16
663,Jane Brown,System Administrator,IT,56694,17
664,Jane Moore,Data Analyst,Data Science,105172,17
665,Daniel Wilson,System Administrator,IT,54394,9
666,David Davis,Sales Executive,Sales,64763,6
667,Michael Doe,Data Scientist,Data Science,113484,8
668,Jessica Miller,Software Engineer,IT,136200,2
669,Jane Davis,System Administrator,IT,100307,5
670,Emily Miller,Senior Software Engineer,IT,101821,8
671,Emily Brown,Data Scientist,Data Science,104320,9
672,David Smith,Data Scientist,Data Science,62433,6
673,Jessica Moore,Data Scientist,Data Science,77131,20
674,Emily Johnson,Data Scientist,Data Science,89482,15
675,Robert Anderson,HR Manager,HR,56686,3
676,Daniel Doe,HR Manager,HR,57744,15
677,Michael Smith,System Administrator,IT,111506,5
678,Michael Doe,Marketing Manager,Marketing,88852,2
679,John Brown,Marketing Manager,Marketing,81220,3
680,Emily Johnson,Marketing Manager,Marketing,111655,3
681,John Smith,Product Manager,Product,102845,11
682,Robert Wilson,HR Manager,HR,105566,2
683,Robert Wilson,Software Engineer,IT,81210,5
684,John Taylor,Software Engineer,IT,120447,13
685,Jane Davis,Finance Analyst,Finance,59515,20
686,Sarah Davis,Sales Executive,Sales,56250,15
687,Robert Miller,Sales Executive,Sales,64372,1
688,Daniel Johnson,Data Scientist,Data Science,148471,11
689,Jessica Johnson,Product Manager,Product,128513,10
690,Emily Moore,System Administrator,IT,81644,20
691,Michael Wilson,Product Manager,Product,65869,9
692,Laura Miller,Marketing Manager,Marketing,130466,4
693,Laura Brown,Sales Executive,Sales,132156,7
694,Daniel Wilson,Software Engineer,IT,62460,4
695,Jane Wilson,HR Manager,HR,126218,15
696,Laura Moore,Software Engineer,IT,111832,20
697,Sarah Wilson,Sales Executive,Sales,69614,19
698,Michael Moore,Data Scientist,Data Science,140123,12
699,Daniel Wilson,Data Scientist,Data Science,125041,7
700,Daniel Johnson,Finance Analyst,Finance,52882,4
701,Jane Davis,Data Scientist,Data Science,101962,15
702,John Smith,Software Engineer,IT,111396,17
703,Emily Miller,Sales Executive,Sales,111810,11
704,Jessica Johnson,Data Scientist,Data Science,86228,20
705,David Brown,Product Manager,Product,63809,1
706,Robert Anderson,Sales Executive,Sales,135164,20
707,Jane Anderson,HR Manager,HR,65747,3
708,Jane Anderson,Data Scientist,Data Science,122058,12
709,Emily Anderson,Senior Software Engineer,IT,109429,18
710,Daniel Davis,Finance Analyst,Finance,135751,20
711,David Taylor,Data Scientist,Data Science,62963,9
712,Robert Wilson,Product Manager,Product,96329,17
713,Jessica Brown,Finance Analyst,Finance,73225,1
714,Sarah Taylor,HR Manager,HR,95922,5
715,Jane Davis,Finance Analyst,Finance,94055,12
716,Michael Anderson,Marketing Manager,Marketing,97425,14
717,John Davis,Product Manager,Product,143960,10
718,Michael Doe,System Administrator,IT,121071,15
719,John Taylor,Sales Executive,Sales,59117,5
720,Laura Miller,System Administrator,IT,141086,2
721,Laura Wilson,Senior Software Engineer,IT,138209,18
722,Laura Miller,Data Scientist,Data Science,126411,7
723,Emily Smith,Data Scientist,Data Science,135425,3
724,Emily Smith,Finance Analyst,Finance,50916,8
725,Jane Johnson,System Administrator,IT,75247,8
726,Robert Taylor,Software Engineer,IT,84790,16
727,Robert Miller,HR Manager,HR,100042,7
728,Laura Smith,Data Analyst,Data Science,122453,14
729,Laura Johnson,System Administrator,IT,140305,5
730,David Doe,Software Engineer,IT,148147,16
731,Jane Brown,System Administrator,IT,148799,7
732,Sarah Brown,Finance Analyst,Finance,61641,5
733,Robert Moore,System Administrator,IT,122569,5
734,Daniel Brown,Data Analyst,Data Science,128625,2
735,Jessica Smith,HR Manager,HR,64855,17
736,Emily Moore,HR Manager,HR,124842,8
737,Jessica Davis,Sales Executive,Sales,81304,19
738,Robert Johnson,Sales Executive,Sales,129569,20
739,Emily Taylor,HR Manager,HR,61057,13
740,Robert Johnson,Product Manager,Product,107478,5
741,Jessica Johnson,Sales Executive,Sales,109263,5
742,John Anderson,Data Scientist,Data Science,82997,17
743,Jane Anderson,Senior Software Engineer,IT,52990,18
744,Laura Anderson,Senior Software Engineer,IT,97833,9
745,Sarah Moore,Marketing Manager,Marketing,131470,10
746,Daniel Miller,Senior Software Engineer,IT,109629,14
747,David Taylor,Sales Executive,Sales,102671,4
748,John Davis,Sales Executive,Sales,133388,10
749,Sarah Miller,Data Scientist,Data Science,55568,5
750,Jessica Smith,Senior Software Engineer,IT,146609,14
751,John Smith,HR Manager,HR,75458,12
752,Jane Brown,Sales Executive,Sales,147782,9
753,Michael Doe,Software Engineer,IT,50875,19
754,John Johnson,Data Analyst,Data Science,88271,12
755,Robert Doe,Finance Analyst,Finance,145664,15
756,Robert Johnson,Marketing Manager,Marketing,106555,8
757,John Doe,Senior Software Engineer,IT,55615,1
758,John Wilson,Senior Software Engineer,IT,143905,14
759,Emily Wilson,Finance Analyst,Finance,85866,9
760,David Doe,Software Engineer,IT,109937,1
761,Robert Miller,Marketing Manager,Marketing,135121,18
762,Jane Moore,Finance Analyst,Finance,128815,3
763,Robert Wilson,Software Engineer,IT,143865,11
764,Laura Brown,Marketing Manager,Marketing,136000,6
765,David Smith,Software Engineer,IT,144449,11
766,Emily Moore,HR Manager,HR,144663,11
767,Laura Brown,Marketing Manager,Marketing,96367,2
768,Sarah Johnson,Senior Software Engineer,IT,114491,1
769,Sarah Johnson,HR Manager,HR,55241,1
770,Jessica Moore,Data Scientist,Data Science,76304,5
771,John Taylor,HR Manager,HR,104071,1
772,John Brown,Senior Software Engineer,IT,69900,3
773,Jessica Smith,System Administrator,IT,72728,3
774,Robert Miller,Marketing Manager,Marketing,83152,6
775,Michael Smith,Software Engineer,IT,123232,19
776,John Moore,Finance Analyst,Finance,137811,4
777,David Wilson,Senior Software Engineer,IT,131634,10
778,Sarah Anderson,Senior Software Engineer,IT,60421,7
779,John Smith,Product Manager,Product,63831,18
780,Emily Moore,Sales Executive,Sales,90588,15
781,Emily Smith,Sales Executive,Sales,76631,6
782,Jessica Johnson,System Administrator,IT,69135,15
783,Daniel Moore,Sales Executive,Sales,108533,10
784,David Brown,Finance Analyst,Finance,119565,14
785,Michael Anderson,Sales Executive,Sales,125962,20
786,Emily Brown,Product Manager,Product,63273,20
787,Michael Moore,HR Manager,HR,117495,1
788,John Brown,Software Engineer,IT,107620,19
789,Michael Taylor,Senior Software Engineer,IT,132661,8
790,Daniel Davis,Product Manager,Product,126937,18
791,Laura Miller,Data Analyst,Data Science,111589,13
792,John Miller,Senior Software Engineer,IT,58091,4
793,Jane Miller,System Administrator,IT,70897,5
794,John Miller,Software Engineer,IT,137937,5
795,Jane Anderson,Senior Software Engineer,IT,61712,14
796,Robert Moore,System Administrator,IT,55526,8
797,Sarah Wilson,Finance Analyst,Finance,110237,12
798,Michael Miller,Data Analyst,Data Science,95887,8
799,David Miller,Data Analyst,Data Science,89703,5
800,Robert Smith,Data Analyst,Data Science,104663,20
801,Laura Wilson,Marketing Manager,Marketing,50302,17
802,Robert Anderson,Product Manager,Product,139198,10
803,Michael Anderson,Senior Software Engineer,IT,124018,19
804,Emily Miller,Senior Software Engineer,IT,146697,9
805,Emily Anderson,Data Scientist,Data Science,100029,9
806,Daniel Johnson,HR Manager,HR,117311,4
807,David Anderson,Product Manager,Product,113192,17
808,Emily Johnson,Product Manager,Product,126020,20
809,John Miller,Data Scientist,Data Science,124247,1
810,John Taylor,Data Scientist,Data Science,92659,15
811,Laura Moore,Sales Executive,Sales,107851,4
812,Sarah Davis,Sales Executive,Sales,99840,19
813,Michael Moore,Data Scientist,Data Science,77795,1
814,Jane Brown,Product Manager,Product,141204,5
815,Michael Davis,Sales Executive,Sales,78027,1
816,Jane Doe,HR Manager,HR,117719,4
817,Jane Miller,HR Manager,HR,142682,6
818,John Johnson,HR Manager,HR,95125,4
819,Daniel Taylor,Finance Analyst,Finance,86137,14
820,Jessica Miller,Marketing Manager,Marketing,102453,20
821,Emily Taylor,HR Manager,HR,136370,6
822,Laura Anderson,System Administrator,IT,108816,11
823,Michael Anderson,Senior Software Engineer,IT,141416,10
824,Daniel Davis,Sales Executive,Sales,131510,16
825,Laura Miller,Marketing Manager,Marketing,125881,9
826,Daniel Moore,Sales Executive,Sales,116634,17
827,Emily Moore,Sales Executive,Sales,100408,10
828,Daniel Anderson,Senior Software Engineer,IT,121126,7
829,Laura Taylor,Data Analyst,Data Science,83106,5
830,David Taylor,HR Manager,HR,144675,7
831,Michael Anderson,Marketing Manager,Marketing,97030,7
832,Sarah Taylor,Product Manager,Product,103831,7
833,John Taylor,Software Engineer,IT,94861,7
834,Jane Anderson,Product Manager,Product,133584,17
835,Emily Smith,HR Manager,HR,66171,17
836,Sarah Anderson,System Administrator,IT,62089,13
837,Michael Johnson,Data Analyst,Data Science,145118,17
838,Robert Davis,Sales Executive,Sales,105357,7
839,David Johnson,Marketing Manager,Marketing,70069,1
840,Jane Miller,Product Manager,Product,65760,6
841,David Brown,Data Analyst,Data Science,134792,14
842,Michael Smith,HR Manager,HR,126229,15
843,Robert Miller,Marketing Manager,Marketing,95762,3
844,John Davis,Product Manager,Product,149427,13
845,Jessica Moore,System Administrator,IT,57714,2
846,Jane Anderson,Sales Executive,Sales,57459,17
847,Jessica Anderson,Data Analyst,Data Science,109457,19
848,John Smith,Data Scientist,Data Science,61860,2
849,Emily Smith,Product Manager,Product,73488,7
850,Sarah Doe,Data Analyst,Data Science,92178,18
851,Sarah Doe,Sales Executive,Sales,132591,7
852,David Anderson,Senior Software Engineer,IT,117283,2
853,Emily Moore,Sales Executive,Sales,145350,8
854,Jessica Johnson,Finance Analyst,Finance,127057,13
855,Jane Miller,Marketing Manager,Marketing,51969,20
856,Robert Moore,Software Engineer,IT,144070,9
857,Daniel Wilson,Sales Executive,Sales,52183,19
858,Michael Johnson,Marketing Manager,Marketing,85924,11
859,Michael Brown,System Administrator,IT,125767,6
860,Jessica Anderson,Software Engineer,IT,105839,17
861,John Doe,System Administrator,IT,67922,19
862,Emily Anderson,Product Manager,Product,110620,14
863,David Taylor,Software Engineer,IT,54355,9
864,David Moore,Marketing Manager,Marketing,106727,16
865,Sarah Taylor,Finance Analyst,Finance,111323,4
866,Daniel Wilson,Data Analyst,Data Science,86021,7
867,Jessica Doe,Finance Analyst,Finance,129799,8
868,John Smith,Marketing Manager,Marketing,66301,15
869,Laura Anderson,Marketing Manager,Marketing,144962,14
870,Robert Davis,System Administrator,IT,117426,5
871,Daniel Miller,HR Manager,HR,109369,12
872,Jessica Brown,Finance Analyst,Finance,127333,15
873,Robert Smith,Data Analyst,Data Science,94126,4
874,Sarah Davis,Data Scientist,Data Science,104095,8
875,Jessica Anderson,Product Manager,Product,75842,20
876,Jessica Brown,Data Scientist,Data Science,143418,14
877,Michael Johnson,Data Scientist,Data Science,101420,10
878,Jessica Moore,Software Engineer,IT,116597,5
879,Robert Johnson,Data Scientist,Data Science,58035,1
880,Daniel Smith,Data Analyst,Data Science,107064,2
881,Emily Moore,Data Analyst,Data Science,93439,17
882,Michael Davis,Product Manager,Product,100203,5
883,Sarah Brown,Product Manager,Product,81570,1
884,Jessica Moore,Software Engineer,IT,128095,4
885,John Moore,Product Manager,Product,120655,12
886,Daniel Anderson,HR Manager,HR,111794,6
887,Daniel Smith,Product Manager,Product,59708,2
888,Jane Brown,Marketing Manager,Marketing,86289,9
889,David Doe,Finance Analyst,Finance,96455,18
890,Jane Brown,System Administrator,IT,104600,7
891,Daniel Davis,HR Manager,HR,64831,12
892,John Johnson,Finance Analyst,Finance,134255,6
893,Sarah Anderson,Data Scientist,Data Science,73730,10
894,John Wilson,Senior Software Engineer,IT,66031,3
895,Emily Taylor,Marketing Manager,Marketing,94428,4
896,Robert Moore,Data Analyst,Data Science,123704,11
897,David Davis,Marketing Manager,Marketing,101309,4
898,Emily Moore,Product Manager,Product,114804,14
899,Emily Wilson,Senior Software Engineer,IT,145856,6
900,David Johnson,Software Engineer,IT,119850,16
901,Michael Davis,Data Analyst,Data Science,56606,12
902,Jessica Miller,HR Manager,HR,103732,9
903,Sarah Moore,HR Manager,HR,145697,13
904,Jessica Davis,Data Analyst,Data Science,112772,6
905,Daniel Moore,Data Scientist,Data Science,149180,16
906,John Miller,Finance Analyst,Finance,60845,20
907,David Anderson,System Administrator,IT,86988,5
908,Robert Davis,Finance Analyst,Finance,68738,13
909,Jane Miller,Marketing Manager,Marketing,134604,4
910,Daniel Wilson,HR Manager,HR,104084,18
911,Emily Anderson,Senior Software Engineer,IT,110355,10
912,Robert Brown,Finance Analyst,Finance,91551,11
913,Emily Davis,Data Analyst,Data Science,144558,14
914,Michael Anderson,Data Scientist,Data Science,140491,7
915,Laura Moore,Data Analyst,Data Science,76374,12
916,Sarah Johnson,Software Engineer,IT,75313,12
917,David Smith,Marketing Manager,Marketing,113348,20
918,Sarah Doe,System Administrator,IT,142562,8
919,Sarah Miller,HR Manager,HR,148776,12
920,Emily Miller,Finance Analyst,Finance,99470,3
921,Sarah Smith,Data Scientist,Data Science,104475,19
922,Laura Doe,Finance Analyst,Finance,119520,16
923,Laura Miller,Data Scientist,Data Science,117354,16
924,Robert Miller,Sales Executive,Sales,53909,9
925,David Davis,Marketing Manager,Marketing,78269,5
926,Daniel Anderson,Finance Analyst,Finance,116935,10
927,David Taylor,Data Scientist,Data Science,87319,11
928,Robert Wilson,Finance Analyst,Finance,136884,12
929,John Brown,Senior Software Engineer,IT,98858,16
930,Michael Brown,Senior Software Engineer,IT,84029,2
931,Daniel Doe,HR Manager,HR,64130,13
932,John Moore,Finance Analyst,Finance,71975,3
933,Robert Johnson,Data Scientist,Data Science,141281,9
934,Sarah Wilson,Data Scientist,Data Science,115302,11
935,Laura Davis,Product Manager,Product,82852,19
936,Laura Moore,HR Manager,HR,65821,17
937,Jane Miller,Software Engineer,IT,66672,18
938,Laura Johnson,Software Engineer,IT,94448,17
939,David Smith,Data Analyst,Data Science,121328,9
940,Jessica Wilson,Software Engineer,IT,83440,10
941,Robert Miller,Marketing Manager,Marketing,70132,3
942,Robert Davis,Software Engineer,IT,93409,13
943,Jane Miller,Product Manager,Product,115731,15
944,Emily Taylor,Sales Executive,Sales,104174,2
945,Daniel Brown,System Administrator,IT,94352,4
946,Daniel Moore,Data Analyst,Data Science,144969,16
947,Jessica Brown,Software Engineer,IT,63136,16
948,Daniel Anderson,Finance Analyst,Finance,56506,15
949,Robert Brown,Data Analyst,Data Science,118252,6
950,Emily Smith,Data Scientist,Data Science,71400,14
951,Sarah Brown,Finance Analyst,Finance,140930,7
952,Robert Anderson,HR Manager,HR,127533,13
953,Emily Smith,Data Scientist,Data Science,88809,18
954,Jane Doe,Sales Executive,Sales,130626,7
955,Jessica Taylor,Data Scientist,Data Science,132079,11
956,Jane Moore,Data Scientist,Data Science,148628,13
957,Robert Moore,Software Engineer,IT,71168,11
958,Robert Wilson,Marketing Manager,Marketing,132570,6
959,Robert Smith,Marketing Manager,Marketing,122801,14
960,Emily Doe,Finance Analyst,Finance,135988,7
961,Sarah Johnson,Finance Analyst,Finance,140008,15
962,Jane Anderson,Software Engineer,IT,107174,6
963,Michael Johnson,Senior Software Engineer,IT,116663,1
964,Michael Johnson,Data Scientist,Data Science,79413,11
965,John Miller,Marketing Manager,Marketing,113766,9
966,Emily Doe,Product Manager,Product,120840,1
967,Sarah Smith,Finance Analyst,Finance,148516,6
968,Emily Smith,Data Scientist,Data Science,112891,2
969,Daniel Doe,System Administrator,IT,116085,14
970,Robert Johnson,Data Analyst,Data Science,90882,6
971,Sarah Moore,Data Scientist,Data Science,58810,17
972,Emily Moore,Senior Software Engineer,IT,80016,11
973,Robert Johnson,System Administrator,IT,95086,18
974,John Miller,Data Scientist,Data Science,113168,7
975,Michael Johnson,Sales Executive,Sales,121337,7
976,John Miller,Marketing Manager,Marketing,74631,2
977,David Anderson,Senior Software Engineer,IT,120416,5
978,John Miller,Marketing Manager,Marketing,143075,14
979,Jane Brown,Product Manager,Product,137829,9
980,Michael Taylor,Marketing Manager,Marketing,52089,18
981,Laura Doe,Marketing Manager,Marketing,69004,18
982,Emily Johnson,Finance Analyst,Finance,79824,17
983,David Taylor,Sales Executive,Sales,147208,6
984,John Davis,Data Analyst,Data Science,133528,5
985,David Wilson,Software Engineer,IT,147531,8
986,Daniel Anderson,Finance Analyst,Finance,52630,19
987,Laura Taylor,HR Manager,HR,63971,8
988,Michael Davis,System Administrator,IT,129399,2
989,Sarah Davis,Data Analyst,Data Science,109749,7
990,Daniel Moore,Product Manager,Product,101472,13
991,Daniel Taylor,Marketing Manager,Marketing,133830,8
992,Laura Davis,Product Manager,Product,136592,19
993,Emily Davis,Data Analyst,Data Science,96217,14
994,Sarah Moore,Senior Software Engineer,IT,52325,13
995,Jane Doe,System Administrator,IT,113600,15
996,Robert Wilson,Finance Analyst,Finance,81709,17
997,Robert Miller,System Administrator,IT,136410,7
998,Michael Wilson,Data Analyst,Data Science,79100,19
999,David Johnson,Sales Executive,Sales,68729,5
1000,Robert Moore,Data Scientist,Data Science,110775,18
1001,Jessica Wilson,Senior Software Engineer,IT,84708,9
1002,John Brown,HR Manager,HR,124100,7
1003,Jane Anderson,Marketing Manager,Marketing,68868,13
1004,Laura Smith,Data Scientist,Data Science,78442,12
1005,Jessica Wilson,Product Manager,Product,121503,13
1006,Emily Wilson,Data Scientist,Data Science,143834,13
1007,Emily Johnson,Finance Analyst,Finance,58722,9
1008,John Johnson,Marketing Manager,Marketing,140400,10
1009,Jessica Doe,Marketing Manager,Marketing,127792,8
1010,Jane Miller,Software Engineer,IT,82009,18
1011,Jessica Smith,System Administrator,IT,64726,19
1012,Emily Taylor,System Administrator,IT,60753,16
1013,Daniel Miller,Data Scientist,Data Science,73243,18
1014,Jessica Brown,Product Manager,Product,108009,13
1015,David Brown,HR Manager,HR,72996,3
1016,Daniel Taylor,Senior Software Engineer,IT,68503,1
1017,John Davis,Data Analyst,Data Science,118132,7
1018,Emily Davis,Marketing Manager,Marketing,52983,19
1019,Sarah Wilson,HR Manager,HR,100755,1
1020,David Davis,Software Engineer,IT,86860,1
1021,Michael Moore,Product Manager,Product,119621,11
1022,Jane Johnson,Sales Executive,Sales,113905,9
1023,Laura Johnson,Data Analyst,Data Science,122261,7
1024,Sarah Moore,HR Manager,HR,91253,1
1025,John Doe,Software Engineer,IT,108001,11
1026,Emily Anderson,Data Scientist,Data Science,66293,5
1027,John Smith,Data Analyst,Data Science,87941,9
1028,Robert Wilson,Senior Software Engineer,IT,81566,1
1029,Robert Smith,Software Engineer,IT,121133,5
1030,Robert Wilson,Sales Executive,Sales,103188,18
1031,Robert Taylor,Product Manager,Product,127125,14
1032,Jessica Smith,System Administrator,IT,68296,4
1033,Emily Miller,Marketing Manager,Marketing,64490,19
1034,Daniel Smith,Finance Analyst,Finance,76373,20
1035,Laura Doe,HR Manager,HR,87179,13
1036,Sarah Johnson,Data Analyst,Data Science,91785,5
1037,Jessica Anderson,Product Manager,Product,112058,8
1038,Laura Anderson,Senior Software Engineer,IT,67615,2
1039,John Johnson,Finance Analyst,Finance,51496,9
1040,Daniel Smith,Marketing Manager,Marketing,73310,16
1041,John Brown,Product Manager,Product,66490,4
1042,Daniel Taylor,Marketing Manager,Marketing,139252,5
1043,Emily Wilson,Product Manager,Product,84699,11
1044,Daniel Moore,Product Manager,Product,85686,4
1045,John Doe,Finance Analyst,Finance,93403,13
1046,Laura Smith,Software Engineer,IT,121822,10
1047,Michael Davis,Data Scientist,Data Science,149299,12
1048,Emily Smith,Sales Executive,Sales,136988,1
1049,Robert Anderson,Marketing Manager,Marketing,112107,20
1050,David Doe,System Administrator,IT,106146,6
1051,Michael Anderson,HR Manager,HR,62981,13
1052,Robert Moore,HR Manager,HR,146285,16
1053,Michael Brown,HR Manager,HR,77896,17
1054,Laura Brown,Senior Software Engineer,IT,106259,15
1055,John Wilson,Data Analyst,Data Science,148272,11
1056,Laura Anderson,Marketing Manager,Marketing,60648,17
1057,Robert Moore,Finance Analyst,Finance,143363,15
1058,Sarah Moore,Software Engineer,IT,124591,10
1059,Robert Anderson,Senior Software Engineer,IT,75637,20
1060,John Taylor,Software Engineer,IT,136528,19
1061,Daniel Smith,Sales Executive,Sales,73258,4
1062,John Doe,Senior Software Engineer,IT,85367,4
1063,John Wilson,Sales Executive,Sales,142751,19
1064,Jane Smith,System Administrator,IT,89153,13
1065,David Miller,Sales Executive,Sales,148649,19
1066,Michael Doe,HR Manager,HR,97999,15
1067,Emily Miller,Data Analyst,Data Science,102666,12
1068,Daniel Miller,Data Scientist,Data Science,76632,11
1069,Sarah Johnson,System Administrator,IT,95354,5
1070,Jessica Davis,Marketing Manager,Marketing,147478,15
1071,Jane Brown,Data Analyst,Data Science,100673,7
1072,Daniel Brown,Data Analyst,Data Science,96694,9
1073,Jessica Johnson,Data Scientist,Data Science,119457,19
1074,Emily Taylor,Data Scientist,Data Science,89136,8
1075,Robert Smith,Data Analyst,Data Science,113858,6
1076,Jane Anderson,Marketing Manager,Marketing,69673,15
1077,Robert Davis,HR Manager,HR,110346,14
1078,Jane Anderson,System Administrator,IT,98404,20
1079,Robert Davis,Software Engineer,IT,122846,10
1080,Emily Doe,Senior Software Engineer,IT,116761,14
1081,Jane Taylor,HR Manager,HR,112293,4
1082,Laura Taylor,Sales Executive,Sales,57548,19
1083,Jane Brown,Software Engineer,IT,67190,15
1084,David Wilson,Senior Software Engineer,IT,85270,12
1085,Laura Doe,Data Analyst,Data Science,67495,17
1086,Jane Smith,Sales Executive,Sales,132712,5
1087,John Smith,Data Analyst,Data Science,105178,18
1088,Michael Taylor,Product Manager,Product,50979,17
1089,Michael Brown,HR Manager,HR,115268,12
1090,Emily Johnson,Data Analyst,Data Science,56281,15
1091,Sarah Smith,Product Manager,Product,125185,11
1092,Robert Miller,Marketing Manager,Marketing,138355,11
1093,Robert Taylor,Data Scientist,Data Science,109148,8
1094,Michael Anderson,Marketing Manager,Marketing,60977,2
1095,David Brown,HR Manager,HR,128077,1
1096,Jane Brown,HR Manager,HR,77306,20
1097,Sarah Taylor,Data Scientist,Data Science,103146,2
1098,Laura Wilson,Product Manager,Product,79795,8
1099,Robert Johnson,Product Manager,Product,136604,1
1100,Daniel Smith,Marketing Manager,Marketing,127101,16
